City ID,City,Country,Lat,Lng,Temperature,Humidity,Clouds,Wind Speed
3833367,Ushuaia,AR,-54.8,-68.3,49.66,71,75,0.0
2015852,Svetlaya,RU,46.5389,138.3297,52.16,69,1,8.99
1651810,Airai,TL,-8.9266,125.4092,60.91,91,100,2.8
4030556,Rikitea,PF,-23.1203,-134.9692,73.87,66,0,14.79
2088659,Panguna,PG,-6.3164,155.4848,68.97,95,64,1.97
607610,Zhangaözen,KZ,43.3,52.8,91.87,7,98,16.11
2122090,Pevek,RU,69.7008,170.3133,19.83,91,52,8.88
3386213,Touros,BR,-5.1989,-35.4608,83.3,68,30,11.86
358619,Port Said,EG,31.2565,32.2841,78.78,57,0,11.5
2702261,Kalmar,SE,56.6616,16.3616,62.53,55,40,6.91
2180815,Tuatapere,NZ,-46.1333,167.6833,46.81,90,100,10.65
2075265,Busselton,AU,-33.65,115.3333,54.05,85,0,4.74
1803560,Lingao,CN,19.9103,109.6859,82.17,77,32,4.68
1082243,Ambilobe,MG,-13.2,49.05,78.06,74,17,3.44
3622537,Parrita,CR,9.5201,-84.3225,82.54,67,55,1.5
2140466,Moindou,NC,-21.6924,165.677,69.75,74,100,9.26
2638419,Scarborough,GB,54.2797,-0.4044,57.11,69,99,3.0
3412093,Vestmannaeyjar,IS,63.4427,-20.2734,41.99,75,90,8.05
5563839,Fortuna,US,40.5982,-124.1573,45.52,66,90,4.61
5282297,Bethel,US,41.3712,-73.414,68.7,54,1,6.91
2163355,Hobart,AU,-42.8794,147.3294,53.02,77,20,3.0
1328421,Pathein,MM,16.7833,94.7333,85.55,68,15,9.33
4020109,Atuona,PF,-9.8,-139.0333,78.35,73,47,11.07
2074865,Carnarvon,AU,-24.8667,113.6333,66.27,88,4,8.05
6185377,Yellowknife,CA,62.456,-114.3525,22.24,68,20,4.0
935215,Saint-Philippe,RE,-21.3585,55.7679,78.31,80,48,7.07
5866583,Saint Paul Harbor,US,57.79,-152.4072,35.11,87,1,6.91
2112802,Hasaki,JP,35.7333,140.8333,62.53,95,100,10.94
363619,Yei,SS,4.095,30.6779,80.87,64,100,1.12
1053384,Toamasina,MG,-18.1667,49.3833,84.2,58,20,9.22
3466980,Caravelas,BR,-17.7125,-39.2481,82.94,50,87,2.55
3405380,Bom Conselho,BR,-9.1697,-36.6797,74.46,77,87,7.76
5546220,Saint George,US,37.1041,-113.5841,61.43,45,1,0.0
933995,Souillac,MU,-20.5167,57.5167,79.18,73,40,8.7
4035715,Avarua,CK,-21.2078,-159.775,77.05,88,40,13.8
3831208,Qaanaaq,GL,77.484,-69.3632,21.06,78,68,2.28
3443061,Chui,UY,-33.6971,-53.4616,58.84,60,31,7.61
5106841,Albany,US,42.6001,-73.9662,64.72,47,93,6.24
541446,Krasnyy Profintern,RU,57.7446,40.435,87.82,59,57,13.67
1831112,Kampot,KH,10.6167,104.1833,82.17,82,100,4.63
3894426,Coyhaique,CL,-45.5752,-72.0662,39.15,100,90,0.0
3703443,Panama City,PA,8.9936,-79.5197,81.55,77,40,8.05
2071860,Esperance,AU,-33.8667,121.9,62.44,87,100,0.92
3421982,Maniitsoq,GL,65.4167,-52.9,35.29,59,83,11.05
6165406,Thompson,CA,55.7435,-97.8558,35.76,87,90,13.8
88533,Awjilah,LY,29.1081,21.2869,98.31,10,3,10.42
3652764,Puerto Ayora,EC,-0.7393,-90.3518,76.55,88,3,8.99
4032243,Vaini,TO,-21.2,-175.2,75.36,88,20,6.91
932987,Tsabong,BW,-26.0217,22.401,80.04,18,0,9.42
2153778,Parkes,AU,-33.1333,148.1833,41.36,78,0,4.29
2019935,Mnogovershinnyy,RU,53.9353,139.9242,32.54,98,100,3.04
1226260,Trincomalee,LK,8.5711,81.2335,85.89,72,93,8.81
3874787,Punta Arenas,CL,-53.15,-70.9167,44.42,93,90,1.57
3175096,Laas,IT,46.6166,10.7002,64.24,78,90,1.1
2122614,Ekhabi,RU,53.5102,142.9671,32.85,97,100,5.68
1735106,George Town,MY,5.4112,100.3354,85.3,77,20,5.75
1635882,Mataram,ID,-8.5833,116.1167,77.81,86,98,5.68
3620170,Diriamba,NI,11.8584,-86.2388,74.48,55,45,10.13
2171099,Codrington,AU,-38.2667,141.9667,48.72,85,95,8.43
964432,Port Alfred,ZA,-33.5906,26.891,75.43,39,7,2.53
546105,Nikolskoye,RU,59.7035,30.7861,76.86,79,100,6.38
1529651,Altay,CN,47.8667,88.1167,65.26,48,30,7.05
584715,Xudat,AZ,41.631,48.681,69.87,72,65,10.4
1267390,Kavaratti,IN,10.5669,72.642,83.46,76,100,12.39
3837702,San Fernando del Valle de Catamarca,AR,-28.4696,-65.7852,68.77,87,16,4.0
3520994,Puerto Escondido,MX,15.85,-97.0667,77.83,78,75,8.05
6089245,Norman Wells,CA,65.282,-126.8329,37.44,52,75,0.0
934322,Mahébourg,MU,-20.4081,57.7,79.09,73,40,5.75
5870133,Nome,US,64.5011,-165.4064,30.27,93,90,4.61
2109701,Auki,SB,-8.7676,160.7034,78.35,89,100,4.92
542184,Krasnovishersk,RU,60.4078,57.082,66.6,49,6,5.03
5122534,Jamestown,US,42.097,-79.2353,62.73,64,1,1.01
2513052,Osuna,ES,37.2377,-5.1075,83.79,17,11,8.99
2264557,Ponta do Sol,PT,32.6667,-17.1,75.54,53,1,4.88
777019,Vardø,NO,70.3705,31.1107,44.58,87,75,3.44
60019,Eyl,SO,7.9803,49.8164,90.86,51,100,21.97
1519422,Semey,KZ,50.4111,80.2275,80.82,28,40,15.66
2126199,Cherskiy,RU,68.75,161.3,31.91,82,22,7.05
6111862,Port Hardy,CA,50.6996,-127.4199,41.18,93,75,10.36
2070998,Geraldton,AU,-28.7667,114.6,64.81,72,100,3.89
4556050,Woodward,US,36.4337,-99.3904,56.66,79,40,4.9
6201424,Mataura,NZ,-46.1927,168.8643,46.47,95,100,9.95
2110227,Butaritari,KI,3.0707,172.7902,82.33,81,87,15.32
2611060,Tvøroyri,FO,61.5556,-6.8111,43.99,70,100,21.59
5969025,Haines Junction,CA,60.7522,-137.5108,35.55,87,19,2.3
1648082,Boyolangu,ID,-8.1181,111.8935,76.01,90,65,4.43
2190299,Hanmer Springs,NZ,-42.5167,172.8167,46.49,80,68,13.02
3489657,Lucea,JM,18.451,-78.1736,84.06,67,15,3.6
1015776,Bredasdorp,ZA,-34.5322,20.0403,65.52,51,94,2.98
2514651,Los Llanos de Aridane,ES,28.6585,-17.9182,72.12,75,20,9.46
1510689,Baykit,RU,61.67,96.37,30.96,73,36,4.32
2294877,Tamale,GH,9.4008,-0.8393,100.72,31,16,7.87
5855927,Hilo,US,19.7297,-155.09,66.72,88,12,5.99
3448455,São Miguel do Araguaia,BR,-13.275,-50.1628,87.17,39,92,1.99
1254046,Tura,IN,25.5198,90.2201,75.85,91,96,3.58
3369157,Cape Town,ZA,-33.9258,18.4232,70.21,43,0,5.41
3985710,Cabo San Lucas,MX,22.8909,-109.9124,73.4,51,0,11.16
1819729,Hong Kong,HK,22.2855,114.1577,86.14,81,27,5.01
2017155,Saskylakh,RU,71.9167,114.0833,31.15,96,100,15.48
964420,Port Elizabeth,ZA,-33.918,25.5701,73.69,40,0,6.91
2206939,Bluff,NZ,-46.6,168.3333,46.8,75,100,25.46
1282256,Hithadhoo,MV,-0.6,73.0833,84.81,69,0,4.9
3141667,Roald,NO,62.5833,6.1333,49.03,87,75,16.11
5024719,Duluth,US,46.7833,-92.1066,61.39,64,1,1.01
2155415,New Norfolk,AU,-42.7826,147.0587,51.85,76,73,3.0
2176639,Batemans Bay,AU,-35.7167,150.1833,45.91,86,0,4.65
3893629,Coquimbo,CL,-29.9533,-71.3436,58.73,85,90,4.97
2399001,Mayumba,GA,-3.432,10.6554,81.55,80,100,7.16
3366880,Hermanus,ZA,-34.4187,19.2345,65.8,57,89,3.71
2152659,Port Macquarie,AU,-31.4333,152.9167,51.3,90,12,5.64
6164499,The Pas,CA,53.8251,-101.2541,51.82,50,1,12.48
286621,Salalah,OM,17.0151,54.0924,87.89,74,20,10.36
1630058,Karaton,ID,-6.3424,106.1045,79.54,93,94,2.55
2126123,Chokurdakh,RU,70.6333,147.9167,30.54,96,100,8.55
3416888,Grindavik,IS,63.8424,-22.4338,43.57,71,75,3.83
3374333,Praia,CV,14.9215,-23.5087,86.54,39,20,17.27
556268,Ostrovnoy,RU,68.0531,39.5131,62.06,64,100,12.8
3646382,Carupano,VE,10.6678,-63.2585,82.78,71,96,10.96
1488903,Turukhansk,RU,65.8167,87.9833,29.41,75,95,11.14
256660,Mouzourás,GR,35.5333,24.15,84.2,48,0,11.5
5880054,Barrow,US,71.2906,-156.7887,26.62,93,90,8.05
3372707,Ribeira Grande,PT,38.5167,-28.7,68.4,94,40,8.05
2084442,Vanimo,PG,-2.6741,141.3028,79.36,88,26,4.52
2664339,Vasterhaninge,SE,59.1167,18.1,63.61,62,96,6.78
2058430,Whyalla,AU,-33.0333,137.5833,49.89,57,77,8.05
1862505,Hirara,JP,24.8,125.2833,80.1,89,78,13.02
2168305,Dubbo,AU,-32.25,148.6167,39.33,87,0,4.61
3471451,Arraial do Cabo,BR,-22.9661,-42.0278,76.86,73,20,6.91
3441273,Paso de los Toros,UY,-32.8167,-56.5167,48.54,67,3,4.16
2012530,Zhigansk,RU,66.7697,123.3711,34.09,55,100,8.66
3421765,Nanortalik,GL,60.1432,-45.2371,37.63,73,49,2.06
2123628,Magadan,RU,59.5667,150.8,32.04,98,100,5.28
2304548,Anloga,GH,5.7947,0.8973,86.22,72,94,13.82
5859699,College,US,64.8569,-147.8028,41.88,85,75,0.0
3418910,Upernavik,GL,72.7868,-56.1549,35.02,84,100,6.17
5563397,Eureka,US,40.8021,-124.1637,46.47,91,87,2.62
2094342,Kavieng,PG,-2.5744,150.7967,83.19,79,58,15.64
1519924,Kushmurun,KZ,52.4503,64.6311,74.48,48,72,7.07
3388145,São Raimundo Nonato,BR,-9.0153,-42.6994,90.46,34,74,6.76
2126682,Bilibino,RU,68.0546,166.4372,21.79,92,95,4.27
4034551,Faanui,PF,-16.4833,-151.75,80.6,76,30,20.92
5955826,Fort Frances,CA,48.5999,-93.4003,65.39,55,1,3.44
2167426,Emerald,AU,-23.5333,148.1667,57.34,47,0,6.91
5919850,Chapais,CA,49.7834,-74.8492,40.78,51,100,5.64
2028164,Deputatsky,RU,69.3,139.9,23.74,99,97,3.67
513898,Otradnoye,RU,59.7775,30.8181,68.88,80,100,5.84
3466704,Castro,BR,-24.7911,-50.0119,62.76,56,0,2.93
4919381,Crawfordsville,US,40.0411,-86.8745,62.22,82,75,8.05
4914710,Vermilion,US,40.1667,-87.7506,62.78,92,90,1.99
2925080,Gezing,AT,47.9178,13.1299,53.28,99,75,6.06
1337616,Naifaru,MV,5.4444,73.3657,84.16,77,46,15.99
3163146,Andenes,NO,69.3143,16.1194,55.38,71,75,12.66
3421719,Narsaq,GL,60.9167,-46.05,41.22,49,29,3.04
5367788,Lompoc,US,34.6391,-120.4579,51.67,77,90,6.91
5364271,Laguna,US,38.421,-121.4238,53.37,79,1,1.01
1511276,Atagay,RU,55.1033,99.3875,42.44,94,100,3.09
2063056,Port Augusta,AU,-32.5,137.7667,50.14,41,99,4.76
2136825,Isangel,VU,-19.55,169.2667,74.5,82,98,16.6
6355222,Yulara,AU,-25.2406,130.9889,60.64,25,100,8.05
2063036,Port Lincoln,AU,-34.7333,135.8667,58.06,48,95,6.4
2729907,Longyearbyen,SJ,78.2186,15.6401,30.04,64,75,2.3
1805987,Jiaozuo,CN,35.2397,113.2331,72.86,38,100,1.81
5924351,Clyde River,CA,70.4692,-68.5914,21.43,86,90,18.41
1507116,Dudinka,RU,69.4058,86.1778,19.06,93,30,10.98
3467577,Canavieiras,BR,-15.675,-38.9472,81.09,56,99,2.89
3129839,Aras,ES,42.5617,-2.356,67.08,55,40,19.24
1855540,Naze,JP,28.3667,129.4833,73.44,92,72,7.09
343593,Āreka,ET,7.0667,37.7,73.26,69,99,3.13
2108857,Gizo Government Station,SB,-8.103,156.8419,83.44,79,73,12.55
3992842,Petatlán,MX,17.5167,-101.2667,73.2,58,0,1.52
2022572,Khatanga,RU,71.9667,102.5,19.06,94,88,9.78
4033077,Vaitape,PF,-16.5167,-151.75,80.6,76,31,20.96
3150002,Kjøpsvik,NO,68.097,16.3742,48.06,96,89,2.86
2391895,Savalou,BJ,7.9281,1.9756,97.05,38,50,5.86
5848280,Kapaa,US,22.0752,-159.319,72.34,74,20,1.01
3515120,Tres Picos,MX,15.8667,-93.5333,82.76,77,80,1.21
2036069,Linjiang,CN,41.8069,126.9078,54.34,78,2,3.6
3838859,Río Gallegos,AR,-51.6226,-69.2181,37.45,93,0,1.14
2126710,Beringovskiy,RU,63.05,179.3167,30.92,91,100,6.04
1649150,Bengkulu,ID,-3.8004,102.2655,78.85,82,100,4.18
4031637,Lavrentiya,RU,65.5833,-171.0,27.16,90,98,3.56
2236568,Uíge,AO,-7.6087,15.0613,87.62,35,27,5.3
5847411,Kahului,US,20.8947,-156.47,70.61,81,20,8.05
4031574,Provideniya,RU,64.3833,-173.3,31.53,82,88,3.83
5134295,Rome,US,43.2128,-75.4557,66.27,58,42,3.0
2065594,Mount Isa,AU,-20.7333,139.5,55.17,33,0,5.75
1507390,Dikson,RU,73.5069,80.5464,24.53,80,34,4.07
2156643,Mount Gambier,AU,-37.8333,140.7667,48.11,87,100,9.22
6096551,Pangnirtung,CA,66.1451,-65.7125,37.4,81,90,25.32
3060950,Brezno,SK,48.8043,19.6363,56.28,64,100,8.37
4129397,Russellville,US,35.2784,-93.1338,67.28,95,90,0.0
2127202,Anadyr,RU,64.75,177.4833,34.3,95,20,7.7
6255012,Flinders,AU,-34.5833,150.8552,49.46,83,0,1.01
2318123,Yenagoa,NG,4.9247,6.2642,79.52,87,100,3.0
229278,Mbale,UG,1.0821,34.175,74.5,78,91,2.66
2139521,Noumea,NC,-22.2763,166.4572,75.0,99,100,13.58
1259091,Kollam,IN,8.8833,76.6,85.87,81,8,6.55
6050066,La Ronge,CA,55.1001,-105.2842,41.25,75,40,6.91
1814435,Dafeng,CN,23.4517,108.5881,72.66,91,98,3.91
6167817,Torbay,CA,47.6666,-52.7314,43.27,88,90,5.75
1493197,Salekhard,RU,66.53,66.6019,36.93,46,24,10.02
2071059,Gawler,AU,-34.6,138.7333,52.52,48,70,5.17
2120591,Tilichiki,RU,60.4667,166.1,30.25,99,100,5.75
1850345,Toba,JP,34.4833,136.85,68.22,94,100,4.68
3137469,Sørland,NO,67.667,12.6934,46.26,93,90,26.46
1490256,Talnakh,RU,69.4865,88.3972,18.25,88,14,8.88
3883457,Lebu,CL,-37.6167,-73.65,55.33,74,100,13.18
6170031,Tuktoyaktuk,CA,69.4541,-133.0374,26.6,80,40,9.22
159134,Inyonga,TZ,-6.7167,32.0667,76.66,62,76,6.51
1651103,Atambua,ID,-9.1061,124.8925,72.18,86,100,4.34
5836068,Rawlins,US,41.7911,-107.2387,44.31,81,1,4.83
5973108,Hearst,CA,49.6835,-83.6665,53.85,55,100,5.88
623549,Pinsk,BY,52.1229,26.0951,59.27,89,100,10.65
2229752,Kumba,CM,4.6363,9.4469,72.54,99,100,4.63
2092164,Lorengau,PG,-2.0226,147.2712,81.73,84,97,8.66
2122104,Petropavlovsk-Kamchatskiy,RU,53.0452,158.6483,37.99,75,1,12.01
6690296,Saint-Joseph,RE,-21.3667,55.6167,77.31,79,43,6.98
148730,Zanzibar,TZ,-6.1639,39.1979,86.07,66,20,12.66
1062663,Mahajanga,MG,-15.7167,46.3167,87.82,55,20,10.36
3465342,Corumbá,BR,-19.0092,-57.6533,76.91,69,0,2.3
154576,Matonga,TZ,-2.3833,34.0833,75.0,69,82,4.38
7117100,Vila,PT,42.0304,-8.1588,61.16,58,91,7.02
2756669,Dordrecht,NL,51.81,4.6736,60.24,61,85,8.99
1714733,Dingle,PH,10.9995,122.6711,79.56,84,100,7.54
6201197,Muhafazat Lahij,YE,13.1667,44.5833,97.56,24,100,11.52
2022463,Khilok,RU,51.3674,110.4676,40.8,59,86,2.86
3662927,Pauini,BR,-7.7136,-66.9764,85.33,58,56,3.42
553766,Kamenka,RU,51.3223,42.7678,79.9,41,2,16.71
4034496,Fare,PF,-16.7,-151.0167,80.51,76,45,21.07
64814,Bandarbeyla,SO,9.4942,50.8122,85.71,69,93,26.13
8079926,Labuhan,ID,-6.8844,112.2051,79.92,82,60,5.57
3351663,Benguela,AO,-12.5763,13.4055,85.44,58,1,8.3
3654541,Macas,EC,-2.3167,-78.1167,71.35,100,90,3.44
1568574,Qui Nhon,VN,13.7667,109.2333,82.29,86,30,7.96
1214488,Meulaboh,ID,4.1363,96.1285,79.52,78,100,1.74
2373951,Canchungo,GW,12.0672,-16.0333,91.53,26,94,5.79
337405,Gambēla,ET,8.25,34.5833,93.45,40,78,4.23
3157897,Fagernes,NO,60.9858,9.2324,58.91,60,100,5.66
2013279,Vostok,RU,46.4856,135.8833,53.87,62,0,6.22
2510693,Talavera de la Reina,ES,39.9635,-4.8308,77.61,29,31,17.4
211647,Lodja,CD,-3.4833,23.4333,81.0,69,100,2.91
2123292,Mgachi,RU,51.05,142.2667,50.29,74,85,8.37
3356832,Henties Bay,NA,-22.116,14.2845,63.86,62,0,9.06
3470137,Belmonte,BR,-15.8631,-38.8828,81.1,60,100,2.73
1106677,Bambous Virieux,MU,-20.3428,57.7575,79.05,69,40,10.83
5746545,Portland,US,45.5234,-122.6762,46.99,76,75,5.75
986717,Kruisfontein,ZA,-34.0033,24.7314,74.16,27,64,3.09
2068110,Kununurra,AU,-15.7667,128.7333,60.78,72,19,0.0
3374083,Bathsheba,BB,13.2167,-59.5167,86.61,72,40,20.15
4469160,Greenville,US,35.6127,-77.3663,69.78,57,1,5.75
5380437,Pacific Grove,US,36.6177,-121.9166,50.7,89,90,5.01
2517750,Felanitx,ES,39.4696,3.1483,73.56,43,7,13.15
3932145,Pisco,PE,-13.7,-76.2167,62.65,94,90,3.44
1651591,Amahai,ID,-3.3333,128.9167,78.75,90,100,5.12
4474221,Kernersville,US,36.1199,-80.0736,62.1,91,90,1.99
3395458,Maragogi,BR,-9.0122,-35.2225,82.24,66,36,9.06
2015306,Tiksi,RU,71.6872,128.8694,30.0,94,100,11.27
937136,Zeerust,ZA,-25.5369,26.0751,76.01,14,8,6.91
293842,Kiryat Gat,IL,31.61,34.7642,79.72,47,0,13.94
3422683,Kangaatsiaq,GL,68.3065,-53.4641,38.55,62,73,5.41
5861897,Fairbanks,US,64.8378,-147.7164,42.03,85,90,0.0
1492566,Severo-Yeniseyskiy,RU,60.3725,93.0408,33.75,51,22,4.97
3573374,The Valley,AI,18.217,-63.0578,82.87,74,40,13.8
1006984,East London,ZA,-33.0153,27.9116,72.54,49,0,9.22
2094144,Kerema,PG,-7.9631,145.7785,80.15,89,100,5.68
7626348,Svarstad,NO,59.399,9.9698,53.83,64,95,5.61
3723779,Jacmel,HT,18.2342,-72.5347,81.81,61,34,3.49
3587498,Acajutla,SV,13.5928,-89.8275,80.94,69,39,0.31
162158,Baharly,TM,38.4362,57.4316,96.22,8,4,8.75
6078372,Moose Factory,CA,51.2585,-80.6094,37.38,81,90,6.91
3466165,Cidreira,BR,-30.1811,-50.2056,62.26,64,23,10.83
5025471,Elk River,US,45.3038,-93.5672,64.06,72,2,1.01
229268,Mbarara,UG,-0.608,30.65,73.99,72,63,7.02
2037485,Erenhot,CN,43.6475,111.9767,67.66,27,4,12.86
2276492,Harper,LR,4.375,-7.7169,81.82,83,100,9.24
3351024,Caluquembe,AO,-13.7833,14.6833,77.32,30,5,4.43
2122894,Nevel'sk,RU,46.6733,141.8633,45.03,66,0,12.48
1513087,Nurota,UZ,40.5614,65.6886,89.69,11,0,7.09
5468773,Gallup,US,35.5281,-108.7426,45.34,54,1,6.91
1516048,Khovd,MN,48.0056,91.6419,65.05,30,69,10.45
2946923,Bohmte,DE,52.3667,8.3167,56.37,73,96,6.6
1800163,Nanchang,CN,28.6833,115.8833,65.01,93,100,2.84
3430863,Mar del Plata,AR,-38.0023,-57.5575,54.46,64,90,1.01
2171722,Charters Towers,AU,-20.1,146.2667,66.47,71,100,11.61
2208248,Kaitangata,NZ,-46.2817,169.8464,48.92,90,100,13.91
3577430,Road Town,VG,18.4167,-64.6167,84.31,70,40,11.5
2638534,Sandwick,GB,60.0,-1.25,48.02,79,75,12.62
3414079,Olafsvik,IS,64.8945,-23.7142,39.4,62,12,11.43
2450173,Taoudenni,ML,22.6783,-3.9836,115.63,6,9,7.85
3380290,Sinnamary,GF,5.3833,-52.95,81.12,80,7,10.42
3864299,Bermejo,AR,-32.8833,-68.8,51.71,76,79,2.3
5557293,Sitka,US,57.0531,-135.33,39.09,87,20,5.75
2553604,Casablanca,MA,33.5928,-7.6192,76.05,69,20,21.0
1507638,Chunoyar,RU,57.4467,97.3217,42.89,42,7,4.97
3372472,Vila Franca do Campo,PT,37.7167,-25.4333,70.21,82,93,9.13
6145890,Shelburne,CA,44.0787,-80.2041,65.66,49,8,7.0
1642773,Japura,ID,-0.3167,102.35,74.75,98,100,2.08
336526,Gīdolē,ET,5.65,37.3667,64.35,78,100,4.43
86049,Jalu,LY,29.0331,21.5482,98.15,10,5,10.36
2303125,Berekum,GH,7.4534,-2.584,91.6,47,91,5.06
1254972,Tankāra,IN,22.6667,70.7333,79.9,73,100,20.87
3445026,Vila Velha,BR,-20.3297,-40.2925,76.6,71,0,4.61
3420846,Qaqortoq,GL,60.7167,-46.0333,41.5,54,69,5.79
1168700,Ormara,PK,25.2088,64.6357,85.91,74,4,7.67
110690,Faya,SA,18.3851,42.4509,81.12,16,6,11.45
1181053,Choa Saidan Shah,PK,32.7201,72.9849,88.52,21,84,1.39
2036892,Hohhot,CN,40.8106,111.6522,66.49,34,20,4.09
3374333,Praia,CV,14.9215,-23.5087,86.54,39,20,17.27
2121385,Severo-Kuril'sk,RU,50.6789,156.125,39.56,81,0,7.52
2112309,Katsuura,JP,35.1333,140.3,67.14,96,100,4.79
2637802,Sittingbourne,GB,51.3413,0.7328,57.09,74,100,11.34
3671387,Puerto Nariño,CO,-3.7703,-70.3831,77.79,87,98,1.61
3347019,Mossamedes,AO,-15.1961,12.1522,82.89,46,5,16.67
2160735,Lakes Entrance,AU,-37.8811,147.981,45.18,79,1,5.93
2122614,Okha,RU,53.5739,142.9478,32.7,98,100,5.91
3981391,Tomatlán,MX,19.9333,-105.25,75.36,72,0,1.48
863061,Usinsk,RU,65.9939,57.5281,55.04,35,97,3.27
3352263,Warmbad,NA,-28.45,18.7333,86.52,13,0,15.46
338554,Dubti,ET,11.7361,41.0853,104.11,7,100,4.54
2194098,Ahipara,NZ,-35.1667,173.1667,60.91,65,94,13.98
1692364,Puro,PH,12.4841,123.3827,82.56,81,100,11.92
876177,Luau,AO,-10.7073,22.2247,83.75,30,34,5.35
3372783,Ponta Delgada,PT,37.7333,-25.6667,70.52,83,40,10.36
3361934,Saldanha,ZA,-33.0117,17.9442,77.05,47,61,6.8
2175403,Blackwater,AU,-23.5833,148.8833,58.6,63,0,8.39
2636790,Stornoway,GB,58.2093,-6.3865,48.78,93,40,5.75
2636638,Stromness,GB,58.965,-3.296,49.96,88,100,9.93
2024626,Dzhebariki-Khaya,RU,62.2167,135.8,30.43,69,0,2.37
3372964,Lagoa,PT,39.05,-27.9833,63.95,92,100,12.21
5882953,Aklavik,CA,68.2191,-135.0107,40.03,85,44,2.15
2314705,Kikwit,CD,-5.041,18.8162,87.17,51,100,3.96
2137773,Vao,NC,-22.6667,167.4833,72.84,67,100,20.89
1708743,Kinablangan,PH,7.6947,126.5503,77.68,92,100,3.6
2179825,Waitati,NZ,-45.75,170.5667,46.8,92,100,10.2
3664716,Canutama,BR,-6.5339,-64.3831,86.58,58,84,2.64
2453662,Markala,ML,13.7021,-6.0659,107.56,16,58,7.25
2902768,Hof,DE,50.3167,11.9167,54.01,66,40,13.8
5274867,Sturgeon Bay,US,44.8342,-87.377,63.66,55,1,9.22
301975,Samandağ,TR,36.0842,35.9771,81.12,59,0,7.85
1861416,Ishigaki,JP,24.3448,124.1572,80.8,87,100,12.66
3984997,San Quintín,MX,30.4833,-115.95,60.89,83,82,13.87
3640226,Guanare,VE,9.0418,-69.7421,64.42,100,97,9.22
2027296,Aykhal,RU,66.0,111.5,26.28,96,100,9.73
2165087,Gold Coast,AU,-28.0,153.4333,62.29,75,75,5.99
2218840,Bani Walid,LY,31.7566,13.9942,97.83,14,4,15.46
1529484,Kumul,CN,42.8,93.45,75.36,18,32,10.78
3901903,Uyuni,BO,-20.4597,-66.825,46.45,22,99,7.63
2022454,Khingansk,RU,49.1167,131.1833,47.75,96,100,6.82
1812256,Dongsheng,CN,39.8161,109.9776,65.82,20,100,6.62
7601762,Bairiki Village,KI,1.3292,172.9752,78.8,82,40,13.11
494920,Shemursha,RU,54.8866,47.5189,82.44,34,5,8.55
4021858,Guerrero Negro,MX,27.9769,-114.0611,61.32,78,100,18.39
1501000,Kyshtovka,RU,56.555,76.6271,55.15,88,100,10.65
1272140,Dwārka,IN,22.2394,68.9678,87.42,60,100,16.78
3066783,Rokytnice nad Jizerou,CZ,50.7256,15.4336,57.09,67,82,8.61
686090,Asău,RO,46.4333,26.4,58.12,74,63,14.81
2108502,Honiara,SB,-9.4333,159.95,78.57,89,100,5.35
2038154,Changping,CN,40.2186,116.2197,67.64,21,50,4.85
364103,Wad Medani,SD,14.4012,33.5199,107.69,5,4,6.69
3355672,Lüderitz,NA,-26.6481,15.1594,70.75,48,0,5.91
4033356,Tiarei,PF,-17.5333,-149.3333,77.02,74,65,23.35
146214,Paphos,CY,34.7667,32.4167,78.37,69,20,13.8
2522325,Agüimes,ES,27.9054,-15.4461,75.83,44,20,28.77
3385670,Urucará,BR,-2.5364,-57.76,80.1,79,96,4.7
5983720,Iqaluit,CA,63.7506,-68.5145,29.7,74,75,15.99
1489656,Teya,RU,60.3778,92.6267,39.11,46,60,6.24
509234,Pitkyaranta,RU,61.5734,31.4792,57.25,93,98,2.95
1223738,Weligama,LK,5.9667,80.4167,81.86,82,100,7.67
4033543,Teahupoo,PF,-17.8333,-149.2667,71.56,77,63,21.63
4004293,Ixtapa,MX,20.7,-105.2,65.43,88,20,3.44
352733,Marsá Maţrūḩ,EG,31.3525,27.2453,77.2,41,0,10.36
3382160,Cayenne,GF,4.9333,-52.3333,78.1,90,75,11.12
5972291,Havre-St-Pierre,CA,50.2334,-63.5986,41.36,100,90,13.8
1005768,Ellisras,ZA,-23.6649,27.7443,78.62,31,0,7.85
1177446,Gwadar,PK,25.1216,62.3254,89.74,60,25,14.0
2412408,Nioro,GM,13.35,-15.75,106.86,11,60,6.49
1267776,Kargil,IN,34.5667,76.1,46.27,43,23,6.35
1497337,Kayerkan,RU,69.3497,87.7602,19.31,95,69,13.67
5354943,Half Moon Bay,US,37.4636,-122.4286,50.59,88,90,12.66
988698,Knysna,ZA,-34.0363,23.0471,71.98,35,11,4.0
5101405,Morris,US,40.8334,-74.5329,67.53,50,20,1.01
2134814,Sola,VU,-13.8833,167.55,80.73,80,77,22.08
1256593,Sheopur,IN,25.6667,76.7,81.57,73,100,11.95
5038108,Moorhead,US,46.8739,-96.7676,66.58,60,1,8.01
1519395,Serebryansk,KZ,49.6925,83.2892,74.75,77,84,2.01
3441890,Departamento de Maldonado,UY,-34.6667,-54.9167,56.59,63,40,8.48
1626542,Sorong,ID,-0.8833,131.25,79.03,87,100,6.64
3578447,Sainte-Rose,GP,16.3324,-61.6979,84.24,65,40,10.42
4413595,Warrensburg,US,38.7628,-93.7361,65.21,94,90,3.44
1337605,Mahibadhoo,MV,3.7833,72.9667,84.69,74,0,11.86
5783695,Tooele,US,40.5308,-112.2983,55.53,59,1,3.96
1623197,Tual,ID,-5.6667,132.75,83.1,79,29,19.33
2990363,Nîmes,FR,43.8333,4.35,66.27,37,0,9.22
2986626,Plouzané,FR,48.3833,-4.6167,57.6,75,75,15.79
3665202,Aripuanã,BR,-9.1667,-60.6333,86.2,50,54,2.42
338345,Edd,ER,13.9297,41.6925,92.88,40,23,8.66
780687,Berlevåg,NO,70.8578,29.0864,42.75,93,75,10.36
2014624,Udachny,RU,66.4167,112.4,28.89,96,100,11.59
4231997,Avera,US,33.194,-82.5271,70.65,72,100,9.62
1271813,Gagret,IN,31.6667,76.0667,80.53,54,100,18.66
1529376,Korla,CN,41.7597,86.1469,72.41,26,0,6.98
3452900,Porto Belo,BR,-27.1578,-48.5531,66.45,68,60,2.39
2181625,Te Anau,NZ,-45.4167,167.7167,43.77,92,100,5.32
1690039,San Fernando,PH,15.0286,120.6898,87.1,68,59,3.87
2123814,Leningradskiy,RU,69.3833,178.4167,28.67,96,100,6.73
2063042,Port Hedland,AU,-20.3167,118.5667,71.65,73,67,2.3
2159220,Mackay,AU,-21.15,149.2,69.78,88,75,14.97
2125693,Evensk,RU,61.95,159.2333,33.26,99,100,4.05
1855342,Nishihara,JP,26.1842,127.7558,79.52,91,40,8.72
2487130,Sidi Ali,DZ,36.0998,0.4206,71.38,59,11,10.0
2387435,Damara,CF,4.9608,18.7035,83.62,70,91,3.02
204953,Tshikapa,CD,-6.4167,20.8,86.4,46,100,3.0
4323873,Estelle,US,29.8458,-90.1067,69.28,100,90,4.61
2177069,Ballina,AU,-28.8667,153.5667,57.99,94,90,5.75
1494907,Plast,RU,54.3691,60.8136,73.22,47,16,1.72
4562996,Cabo Rojo,PR,18.0866,-67.1457,83.55,71,100,5.99
1506254,Gornyy,RU,55.1153,83.9059,58.8,84,100,3.42
575521,Bogorodskoye,RU,56.55,37.8833,78.6,46,5,12.64
1510377,Belyy Yar,RU,53.6039,91.3903,57.09,86,0,2.95
4026082,Lázaro Cárdenas,MX,17.9583,-102.2,80.8,65,0,2.21
5155414,Galion,US,40.7337,-82.7899,65.25,63,100,8.3
2562247,Marsaxlokk,MT,35.8419,14.5431,77.61,57,0,11.5
5972762,Hay River,CA,60.8156,-115.7999,24.78,86,75,16.11
935214,Saint-Pierre,RE,-21.3393,55.4781,78.39,67,0,3.44
3631507,Nirgua,VE,10.1553,-68.5663,78.85,65,51,4.43
1636308,Manokwari,ID,-0.8667,134.0833,78.94,81,100,2.93
2206854,Gisborne,NZ,-38.6533,178.0042,52.95,59,2,15.03
1625929,Sungai Penuh,ID,-2.0833,101.3833,66.85,94,100,2.68
746628,Gölköy,TR,40.6875,37.6178,56.61,50,71,2.1
3628473,San Cristobal,VE,7.7669,-72.225,73.58,57,100,5.46
2090021,Namatanai,PG,-3.6667,152.4333,80.56,81,76,8.93
3860443,Comodoro Rivadavia,AR,-45.8667,-67.5,44.46,81,0,0.0
1791347,Wucheng,CN,29.6008,118.175,64.78,99,99,0.96
1045114,Inhambane,MZ,-23.865,35.3833,78.78,61,40,8.05
3381041,Mana,GF,5.6592,-53.7767,82.85,70,11,9.78
1539209,Gubkinskiy,RU,64.434,76.5026,42.71,55,94,16.53
1860871,Kadoma,JP,34.7333,135.5833,69.26,97,98,1.9
3983805,Santa Rosalía,MX,27.3167,-112.2833,67.12,52,0,6.64
1489822,Tegul'det,RU,57.3064,88.1667,47.01,77,97,1.97
1502073,Krasnosel'kup,RU,65.7,82.4667,29.44,67,82,14.85
3933104,Pangoa,PE,-12.1167,-73.0,75.22,71,39,1.45
1847947,Shingū,JP,33.7333,135.9833,69.91,96,100,4.29
1293960,Taunggyi,MM,20.7833,97.0333,72.97,60,17,3.83
3521108,Progreso,MX,21.2833,-89.6667,77.11,72,98,12.33
2123100,Myaundzha,RU,63.0494,147.1858,35.04,69,98,4.81
3837213,San Juan,AR,-31.5375,-68.5364,74.73,61,81,4.41
1283285,Jumla,NP,29.2747,82.1838,57.83,85,100,4.0
3389062,Santo Antônio do Tauá,BR,-1.1519,-48.1294,80.55,85,99,2.64
587876,Valga,EE,57.7778,26.0473,58.15,98,100,6.8
3398355,Igaci,BR,-9.5369,-36.6336,79.63,73,81,8.21
155016,Malinyi,TZ,-8.9333,36.1333,78.31,87,89,1.97
3440777,Rocha,UY,-34.4833,-54.3333,58.6,62,47,8.19
779554,Honningsvåg,NO,70.9821,25.9704,42.55,93,75,4.61
2012956,Yerbogachën,RU,61.2767,108.0108,28.26,64,100,8.68
100926,Umluj,SA,25.0213,37.2685,85.15,61,0,13.11
2013639,Verkhnevilyuysk,RU,63.4453,120.3167,27.68,57,35,4.72
5710360,Winnemucca,US,40.973,-117.7357,55.45,45,1,5.23
3405051,Borba,BR,-4.3878,-59.5939,79.86,91,35,3.91
2315728,Gemena,CD,3.25,19.7667,83.17,57,100,2.89
3141310,Rørvik,NO,64.8621,11.2373,51.78,89,74,17.85
6067747,Matagami,CA,49.7502,-77.6328,37.51,54,20,4.07
1504317,Olkhovka,RU,53.2115,60.6069,68.22,56,100,2.26
2138555,Poum,NC,-20.2333,164.0167,75.38,75,100,9.62
2242001,Caxito,AO,-8.5785,13.6643,86.65,57,21,4.97
1637001,Biak,ID,-0.9131,122.8766,77.02,85,100,4.54
2636713,Stratford-upon-Avon,GB,52.1917,-1.7073,55.02,84,94,7.23
141736,Bam,IR,29.106,58.357,87.57,17,100,18.39
1498087,Nadym,RU,65.5333,72.5167,39.47,51,73,15.17
3843123,Neuquén,AR,-38.9516,-68.0591,46.29,87,0,3.44
3461370,Imbituba,BR,-28.24,-48.6703,64.29,62,0,8.39
240210,Birao,CF,10.2849,22.7882,101.55,17,84,0.78
3939761,Hualmay,PE,-11.0964,-77.6139,66.34,81,45,8.79
3489005,Port Antonio,JM,18.18,-76.4612,82.27,63,44,11.77
1254709,Tezu,IN,27.9167,96.1667,70.93,97,100,4.21
5922281,Chute-aux-Outardes,CA,49.1168,-68.399,48.2,94,90,1.79
3887127,Iquique,CL,-20.2208,-70.1431,67.57,69,22,3.98
1280849,Kashgar,CN,39.4547,75.9797,78.01,20,20,6.71
5359864,Isla Vista,US,34.4133,-119.861,52.66,87,40,3.44
3374210,São Filipe,CV,14.8961,-24.4956,77.2,64,89,8.81
4726521,San Patricio,US,28.017,-97.5169,74.44,81,100,11.18
3896105,Cauquenes,CL,-35.9671,-72.3225,56.73,57,100,3.62
477940,Ust-Tsilma,RU,65.441,52.1498,68.41,41,100,4.92
1524325,Ekibastuz,KZ,51.6667,75.3667,72.91,39,100,9.37
3835869,Santiago del Estero,AR,-27.7951,-64.2615,69.76,72,100,10.4
4192800,Eatonton,US,33.3268,-83.3885,71.15,66,100,7.99
1337619,Ugoofaaru,MV,5.6667,73.0,83.55,78,76,17.09
2630299,Hofn,IS,64.2539,-15.2082,42.82,39,20,19.57
2013952,Ust'-Ilimsk,RU,58.0006,102.6619,35.87,41,82,4.0
3902377,La Santisima Trinidad,BO,-14.8333,-64.9,81.97,61,8,4.05
1280037,Shache,CN,38.4167,77.2406,76.48,17,96,3.04
5655240,Great Falls,US,47.5002,-111.3008,55.42,55,1,3.0
2161515,Kiama,AU,-34.6833,150.8667,49.3,86,0,1.01
3533462,Acapulco de Juárez,MX,16.8634,-99.8901,80.42,66,40,2.1
1529660,Aksu,CN,41.1231,80.2644,73.17,25,2,5.55
770157,Gmina Jędrzejów,PL,50.6394,20.3045,54.14,91,100,5.99
2145554,Ulladulla,AU,-35.35,150.4667,47.3,74,0,5.61
1632694,Pangkalanbuun,ID,-2.6833,111.6167,75.78,97,100,2.51
2012728,Zakamensk,RU,50.3741,103.2863,45.19,85,75,2.8
2312895,Mbandaka,CD,0.0487,18.2603,79.56,73,80,4.52
337152,Gebre Guracha,ET,9.8,38.4,70.65,42,89,1.74
3869716,Tocopilla,CL,-22.092,-70.1979,69.67,62,68,6.08
69559,Yarim,YE,14.298,44.3779,65.53,53,94,7.16
1700968,Maribojoc,PH,9.7417,123.8446,84.18,87,100,8.16
1516589,Zhezkazgan,KZ,47.8043,67.7144,82.69,21,11,8.14
3464618,Dois Córregos,BR,-22.3661,-48.3803,70.25,47,0,2.93
5850554,Makakilo City,US,21.3469,-158.0858,72.28,69,20,18.03
5866063,Kenai,US,60.5544,-151.2583,42.17,75,1,6.91
5554072,Juneau,US,58.3019,-134.4197,38.62,97,20,3.58
305532,Kurtalan,TR,37.9272,41.7028,90.36,24,0,4.14
1264976,Leh,IN,34.1667,77.5833,49.51,31,22,6.85
2511930,Requena,ES,39.4883,-1.1004,72.05,24,4,19.06
1491719,Sladkovo,RU,55.5284,70.3385,63.81,69,54,17.07
1849563,Tsuruoka,JP,38.7217,139.8217,56.82,91,100,3.91
2120612,Tigil',RU,57.8,158.6667,35.38,96,100,7.23
3424607,Tasiilaq,GL,65.6145,-37.6368,24.96,64,1,3.09
1856392,Muroto-misakicho,JP,33.2833,134.15,70.09,94,85,7.27
627811,Ivanava,BY,52.1451,25.5365,57.47,93,100,7.78
2458334,Douentza,ML,14.9951,-2.9517,109.69,11,100,6.35
934479,Grand Gaube,MU,-20.0064,57.6608,78.39,66,0,1.99
2654970,Brae,GB,60.3964,-1.353,48.11,77,100,13.58
933102,Sekoma,BW,-24.4,23.8833,79.29,14,72,7.43
4013679,Coahuayana Viejo,MX,18.7333,-103.6833,78.28,61,5,2.42
3899695,Ancud,CL,-41.8697,-73.8203,54.23,73,100,4.99
6620339,Karratha,AU,-20.7377,116.8463,77.18,57,96,6.35
4564133,Dorado,PR,18.4588,-66.2677,82.63,57,40,10.4
5478673,Meadow Lake,US,34.8014,-106.5436,54.57,44,98,7.63
1152227,Mae Chan,TH,20.1467,99.8526,83.86,72,86,2.42
477579,Uyemskiy,RU,64.4743,40.8524,77.05,47,40,12.8
1812988,Dengzhou,CN,37.8086,120.7508,64.92,44,0,11.36
7341918,Moba,CN,33.2288,105.0179,54.18,87,100,3.49
2338660,Yaan,NG,7.3833,8.5667,90.99,48,56,7.47
332746,Korem,ET,12.5058,39.5228,71.38,28,16,8.66
1633419,Padang,ID,-0.9492,100.3543,78.85,80,100,1.88
3873145,Río Bueno,CL,-40.3167,-72.9667,35.74,64,100,3.74
3664321,Eirunepé,BR,-6.6603,-69.8736,82.63,71,56,0.85
1265996,Kothāpet,IN,19.3333,79.4833,89.74,52,97,6.44
2448442,Yorosso,ML,12.3536,-4.7761,107.58,13,100,12.46
3629710,Puerto Ayacucho,VE,5.6639,-67.6236,76.91,86,94,0.96
1581349,Ha Giang,VN,22.8333,104.9833,79.97,97,100,2.08
2027042,Batagay-Alyta,RU,67.8006,130.4114,32.43,81,100,14.88
3359638,Walvis Bay,NA,-22.9575,14.5053,76.15,48,0,9.06
156974,Kisesa,TZ,-3.0833,34.15,79.12,55,54,3.98
2618795,Klaksvík,FO,62.2266,-6.589,43.72,72,99,22.5
3980683,Valentín Gómez Farías,MX,28.2167,-106.5833,61.57,23,0,5.64
3430545,Morón,AR,-34.6534,-58.6198,56.95,64,3,3.18
2021799,Konstantinovka,RU,49.6167,127.9833,54.7,84,100,4.74
7671223,Kloulklubed,PW,7.0419,134.2556,77.5,88,100,18.59
780643,Bjørnevatn,NO,69.6672,29.9847,48.54,93,40,3.44
3893726,Constitución,CL,-35.3333,-72.4167,57.15,85,100,10.04
2013921,Ust-Kuyga,RU,70.0167,135.6,29.73,90,79,13.76
3693345,Pucallpa,PE,-8.3791,-74.5539,77.04,88,40,4.61
2023584,Imeni Poliny Osipenko,RU,52.4201,136.4853,39.76,90,100,8.39
3403697,Cametá,BR,-2.2444,-49.4958,80.22,77,75,2.44
3579925,St. George's,GD,12.0564,-61.7485,82.26,74,5,16.2
5851349,Nānākuli,US,21.3906,-158.1547,73.44,69,20,16.13
4615145,Cookeville,US,36.1628,-85.5016,69.3,69,1,4.0
6533368,Moranbah,AU,-22.0016,148.0466,58.77,81,0,10.18
1803422,Linhai,CN,28.85,121.1167,66.65,93,100,2.06
1733953,Lahad Datu,MY,5.0268,118.327,77.85,91,100,2.04
2409914,Bonthe,SL,7.5264,-12.505,86.2,69,100,9.04
2294915,Takoradze,GH,4.8845,-1.7554,84.76,69,100,11.3
3355624,Maltahöhe,NA,-24.8333,16.9833,82.04,14,0,14.72
5059430,Grand Forks,US,47.9417,-97.4337,63.28,63,1,12.66
4036284,Alofi,NU,-19.0595,-169.9187,79.23,66,3,19.28
352628,Maţāy,EG,28.419,30.7792,95.11,15,0,19.48
3174050,Province of Mantua,IT,45.1667,10.7833,75.58,34,66,3.0
1791779,Wanning,CN,18.8003,110.3967,81.84,89,49,9.89
1307741,Myitkyina,MM,25.3833,97.4,78.76,65,96,5.7
2128867,Noshiro,JP,40.2039,140.0242,55.98,75,100,3.94
